Opinion_ID,立場,生成された意見
1,反対,都市の上空を飛ぶ飛行機、何かひとつミスがあったらどうするの？安全面での不安が拭えない。
2,賛成,航空機の利便性は否定しないが、轟音で読書の集中が途切れるのは本当に悩ましい問題だ。
3,賛成,成田への振り分けもあるけど、やっぱり都心の魅力は捨てがたいのね。新ルートの影響は考えると頭が「ギシギシ」する…でも、仕方ないのかな。
4,賛成,研究室の窓から見えた飛行機に心奮い、空を行き交うことで得られる新しい視野に可能性を感じます。この体験は、個人の視点を豊かにし、成長を促すものとして意義深いです。こうした機会の創出に賛成です。
5,賛成,騒音はストレスの元だが、補償制度が整っているのは安心材料。騒音に耐えつつ利便性を活用するのも一つの選択肢だ。
6,反対,開発による経済効果は興味深いが、生活の質を下げるべきではない。
7,反対,自然の静けさが失われることは、リラックスや精神的健康に不可欠な要素が失われることにつながります。飛行ルートの見直しが必要です。
8,賛成,新しいルートの経済的価値は頭で分かっていても、心の中で葛藤が絶えません。静かな午後がエンジン音にかき消されるたびに、違和感が募ります。それでも、国の発展には賛同せざるを得ないのが苦しいところです。個人の感情と国益の間で揺れる、自分のバランス感覚が試されています。
9,賛成,商店街の未来が明るくなる可能性に心が躍る。でも、心が揺れるのよ、住民の穏やかな夕べが飛行機の音でかき消されるなんて考えたくないわ。
10,反対,あの飛行音が、地域の絆を乱さないか心配。何とか新しいアイデアを考えたい。
11,賛成,「うちは家族の時間が大事だから、週末の公園でのんびりしたいのに、あの音にはびっくりしちゃう。でも、都会で生活している限り、ある程度の妥協は必要なのかなって思ってる。」
12,反対,「新ルートの運用で地域が活性化する可能性もありますが、それ以上に住民の生活環境が損なわれるなら、本末転倒ではないかと葛藤しています。」
13,反対,環境への配慮が具体的に見えないと、どんなに音が静かになっても心の不安は消えない。人々の安心を考慮した政策が必要だ。
14,反対,自分が理解されないように、生活の改善という口約束が実現するとも思えない。
15,反対,長年住んできたこの地域が、轟音と安全上の不安に晒されることは許し難い。地域の人々が安心して暮らせる環境を維持するためには、このような変化は到底受け入れられない。地域社会全体で強く反対するべきだと考えている。
16,反対,飛行機の音に苛立ちを覚える一方で、飛行ルートの利便性は理解しています。しかし、心の中で正直なところ、限られた時間でも静寂が戻ればと静かに願っています。
17,賛成,飛行ルート変更は空の利便性を高め、ビジネスチャンスが広がります。
18,賛成,空港が近いと海外の人たちも来やすくなるので、商店街や地域イベントがもっと盛り上がるんじゃないかと期待しています。この変化が地域に活気をもたらしてくれるといいですね。
19,賛成,落下物リスクもあるが、未来の静けさを心に描く。
20,賛成,本音を言うと、もう少し考慮して欲しかったかなと思う。
21,賛成,騒音は気になるけど、国際競争力向上には必要だって理解するしかないのかな。
22,反対,家族の日常生活に悪影響がある以上、問題解決のための行動が不可欠です。
23,賛成,空港の発展は避けられない進行ですが、透明性ある対話が信頼の基盤となります。
24,反対,渋谷区や港区のような都市部での低空飛行は、住民の精神的な負担を増す。海上ルートの利用を検討すべきだ。
25,賛成,羽田空港の新飛行ルートは、地域経済にもたらす効果が大きいため、全面的に賛成です。年間約3.9万回の国際線増便は、観光業や関連産業への波及効果が期待され、地方の活性化にも寄与します。このことで日本全体の経済がさらに強化されるのは間違いありません。
26,反対,海上ルートにすれば、問題が少しは減るんじゃないかな？
27,賛成,飛行機を窓から見上げるたびに、空の交通インフラの美しさに心が躍ります。これは機能を超えて、私にとってはアートのようなものです。空を渡るその姿に、私の中の内なる静けさと冒険心が同時に刺激され、心地よい安心感を覚えます。
28,賛成,地域活性化には役立つかもしれませんが、子どもたちの静かな時間が失われるのはつらいです。
29,反対,住民の反発が続く中、国は真剣に対策を考えているのか疑問です。
30,反対,飛行経路の固定化は環境への負荷増を招くため懸念される。
31,反対,職場でもこの話題が出ることがありますが、正直なところ、自分の家族が第一に考えたいです。飛行機の音をBGMにする生活は、今までとは全く違う日常を強いるもので、正直心がざわざわします。それでも、生活の質を守りたいので、反対せざるを得ないのです。
32,反対,飛行音に慣れるしかないというのは、正直腹立たしい意見ですが、完全撤回が難しいならばせめて飛行時間の制限など、何らかの配慮が必要だと感じます。
33,賛成,騒音により会話が途切れるのは確かに不便ですが、その一方で、新ルートがもたらす発展可能な未来を考えると興奮を覚えます。都市の未来を支えるためには妥協も必要です。
34,賛成,新ルートで国際便が増え、経済活性化が期待できる。
35,賛成,騒音問題はあるが、技術の向上で緩和できると思います。
36,賛成,騒音は気になるが、国際競争力の強化は必要かな。
37,反対,私たちのコミュニティは、古くからのつながりと静けさが魅力です。この新飛行ルートによって、その価値が失われていくことを思うと、本当に残念でたまりません。この土地にずっと住んできた者として、そうした変化を受け入れるのは簡単ではありません。
38,反対,一時的な実機飛行確認だけでは信頼に足らない。実際の運用データを基にした詳細な環境影響評価を行う責任があるはずだ。
39,賛成,変化は怖いけど、昔から新しいことにはポジティブに向き合ってきたしねぇ。
40,反対,地域のつながりが揺らいでいます。私たちの絆を脅かす、こんな変化は受け入れられません。
41,賛成,「バリバリと飛行機が飛ぶ音、ちょっと勘弁してほしい時もあるけれど、子供たちが夢見るように、空を舞う飛行機の背中に、我々の街の未来が託されている気もするんだよ。この新しい風をどう迎え入れるか、それが我らの課題だ。」
42,反対,飛行機の音が大好きな庭いじりの邪魔になるのが、どうにも耐えがたいです。
43,賛成,会議中の騒音には驚いたけど、そんな日にこそ、技術と生活の調和を考えるきっかけになる。共存の方法はあるはずだから、そこを模索することが重要だと感じる。
44,賛成,東京の夜景が輝き、心が癒される新ルートに感謝。
45,反対,政府が住民へのアンケートも調査も行わずに新ルートを開始したことには、憤りを感じます。住民の声が無視されていると感じざるを得ません。それは地域社会に不信感を生む原因となります。
46,賛成,羽田空港の新飛行ルートにより、国際線の拡充が進み、日本の空の玄関口としての役割が強化されるのは重要です。経済効果は輸送、観光の両面で大きく、特にIT企業にとって海外との連携がスムーズになるのは大きな利点です。
47,賛成,都市生活を選ぶ以上、静寂さをすべて享受することは難しいかもしれません。環境への影響を最小限に抑えつつ、都市の発展と自然の調和を模索し続けることが、私たちに課された課題であり、これに向き合う姿勢が必要だと思います。
48,賛成,国際線の需要時間に合わせた運用が可能となり、日本と世界のアクセスが強化されることは、地域経済に大きな活力をもたらすでしょう。
49,反対,降下角度の調整で騒音軽減が見込めないため、他の技術的ソリューションの導入が求められます。
50,賛成,窓越しに聞こえる飛行機の音に、少し思うところもあるが、未来の発展と繁栄を祈りつつ、賛成する思いが揺れる。
51,反対,騒音が増すことで不動産価値にも多面的な影響が出る可能性があり、自治体と連携した詳細な調査が必要ですね。
52,賛成,もうさあ、こればかりはしょうがないわよねぇ。世界から見れば、私たちの街の将来のためになるなら、一歩下がって受け入れるべきって思っちゃうもの。それでも、たまには静かなひと時も恋しいのは本音よ、ふぅ。
53,反対,無力感を感じるが、何かできると信じたいね。
54,賛成,増便により地域の活性化が見込まれるのは良いことです。しかし、子供たちの安全や健康が脅かされることがあってはなりません。住民の不安解消に向けた具体的な取り組みが必須です。
55,賛成,国際線の便数が増えると知ったときは少しわくわくしましたが、実際の生活に影響が出るとその複雑さに戸惑います。地域の未来を考える責任を感じます。
56,反対,新飛行ルートは経済的利益とされるが、長期的に見れば、住民の健康や地域の価値を損ねるリスクがあると感じています。心臓が止まるような感覚から逃れたいです。
57,反対,轟音で家の中も落ち着かない生活は、考えただけで胸が苦しくなる。
58,反対,轟音がカフェの静けさを奪った瞬間、私たちの未来が心配になった。環境の声に耳を傾けて。
59,賛成,利便性が高まる一方、騒音対策も進んでいると聞いて安心した。
60,賛成,騒音も必要な時代の変化、共に成長していこうじゃないか。
61,反対,私たちの経験を活かし、未来の世代のために安全な環境を維持すべきです。
62,賛成,孫たちの未来のためにも、先を見据えて積極的に参画していくべきだと思う。
63,反対,古き良き町並みと景観が壊されることに大きな懸念を抱いています。
64,反対,都市計画との整合性を欠く新ルートは、地域社会の持続可能性に逆行していると懸念する。
65,賛成,発着回数の増加は、多くの人にとって羽田空港をより身近に感じさせるでしょう。利便性の向上はもちろん、国際交流の促進にも繋がります。少しくらいの騒音には耳をつんざく思いで耐えて、新しい未来を見据えることが大事ですね。
66,反対,「飛行機が近くを通る度に、胸がきゅっとなるんだ。こんな暮らしを強いられたら、心が折れそうだよ。地域のみんなが安心して暮らせるよう、政府にはもっと考えてもらわなきゃならない。」
67,賛成,新飛行ルートのおかげで、世界の異なる文化がもっと身近に感じられる日が来るのかなと思うとワクワクします。騒音問題が解決されれば、総じてプラスの影響として受け入れていきたいですね。
68,賛成,騒音軽減の取り組みがもっと進めば、空港近くへの引っ越しに対する不安が減るかもしれません。子供たちの未来のためには、さらなる安全策が必要と感じています。
69,反対,家族と共に安心して暮らせる環境を守りたい。国への意見提出を止めるつもりはありません。
70,賛成,飛行音はストレスだけど、新しいことを受け入れるのもやっぱり大事かな、なんて思うの。
71,反対,環境問題に敏感な私としては、騒音が日常に与える影響を軽視できません。住民の声を大切にしてほしいです。
72,反対,騒音測定局のデータ活用が不透明。改善の余地あり。
73,賛成,空の変化は不安ですが、新たな家族の思い出になることに期待します。
74,反対,地元の経済発展が新ルートの目的の一つであると言われていますが、環境や安全が損なわれては本末転倒です。持続可能な未来を築くためには、短期的な利益に囚われるべきではありません。
75,反対,空を覆う飛行機の影に、都市の理想と現実が交錯しています。諦めきれずに、ただ立ち尽くす日々です。
76,賛成,新飛行ルートで騒音が減ったことは評価するけど、地価への影響が気になるな。
77,反対,新ルートによる生活の変化は、住民の文化やアイデンティティにも影響を与える可能性があります。日常の安心感を損なわないよう、地域の特性を尊重した対応を望みます。
78,賛成,地域が変わることへの不安もありますが、家族と地域社会の調和こそが何より大切です。新機能の実施により、地元が世界とつながることへの期待感は大きく、この変化を利用して新たな地域の魅力を創出するチャンスであると思います。
79,反対,「空の安全を考えるほど、飛行機が怖く見えることがあるんですよ。」
80,賛成,**以前米国の空港近くで感じた利便性と同様に、東京が世界と繋がるための重要なパートとして機能することは、どんな不便をも上回る価値がある。**
81,反対,都市開発は経済的な利益をもたらすかもしれませんが、そこで失われる精神的な豊かさは計り知れません。人間の営みは単なる利便性では測れず、地域の価値を軽視することは許されません。
82,賛成,空の音が日常に溶け込むことで、都市と自然の境界が薄れる現象を感じる。これは、未来の都市生活における音の重要性を再認識させるもので、新たな音楽やアートの表現方法の探求に繋がるかもしれないと考える。
83,賛成,家族の驚きより、未来志向のインフラ整備がもたらす利便性は重要だと考えています。
84,反対,低く飛ぶ飛行機の音は心をかき乱し、自宅の庭での安らぎを奪われたと感じます。
85,反対,空を見上げるたびに、落下物が怖い。何か対策できないのかな。
86,賛成,飛行ルートの改定によって、国内外のフライトが増えることで、異文化交流の機会が増えることは、私たち都市住民にとっても多大なメリットです。文化の多様性は都市の魅力を高め、新たな可能性を生み出します。
87,賛成,地価への影響が限定的で安心しました。
88,反対,新ルートからの騒音に負けないように、僕たちももっと大きな声で意見を交わす必要があるかも。大切なのは、合意形成のプロセスをもっと透明にし、多様な意見を反映させることじゃないでしょうか。
89,反対,自然を愛する者として、空の開放感が失われていくのは寂しいです。飛行機が近くを飛ぶことで、青空の美しさが少し奪われている気がします。
90,賛成,教育者として未来を考えると、経済発展は教育機会の拡大につながり、若者の可能性を広げる力になると信じます。
91,賛成,地方空港とのアクセス改善も望ましいが、現状打破のためには必要な一歩かと。
92,反対,利便性は大切ですが、生活の質も大事にしてほしい。
93,賛成,落下物の対策が万全なら笑顔で賛成。でも、心臓が弱い人には心配かも。
94,反対,公園で子供たちと遊んでいるときに、飛行機の轟音で日常が脅かされることが少しでも減ればと感じます。環境保護と地域の安全のために、住民の声を反映した取り組みを求めたいです。
95,反対,突然の轟音に愛猫も怯え、心がざわざわします。それでも共存の道を考えなければならないジレンマです。
96,賛成,「新鮮な日常の一部、でも静寂恋しい。」
97,反対,「むしろ、環境問題や静かな暮らしを守るために、代替案として他の交通機関の充実を提案したいです。私たちの安心が最優先ですから。」
98,反対,街の平和な空気が壊されてしまいそうで、本当に心配です。
99,反対,ベランダで植物に水をやる時間が、騒音で奪われるものであってはならないと感じます。この小さな自然との触れ合いは、私たちが日々のストレスを和らげ、家族との会話のきっかけを作る重要な時間です。騒音がそれを脅かすのなら、断固として反対します。
100,反対,飛行機の急上昇方式は、自然環境への影響が懸念される。
101,反対,「騒音の影響を全ての世代が受け入れるのは無理。未来を守りたい。」
102,賛成,騒音対策や安全対策の強化を前提に、新飛行経路の運用は必要です。しかし、住民の精神的負担も考慮し、代替案を積極的に模索してほしいと思います。
103,反対,「循環型社会を目指すのに、環境への影響を無視してただ便利さを追求するのは矛盾しています。飛行ルートの変更に伴う環境への影響をしっかり考慮して、新しい解決策を模索してほしいものです。」
104,反対,都心部の上空では、低空飛行による航空機の騒音が著しく、これは他の交通手段と比べても過度なストレス源となっています。住民の生活環境を守るためにも、こうした騒音対策を強化し、地域社会との対話を深めるべきです。利便性だけを追求してはならず、持続可能な都市を目指すべきです。
105,賛成,地域の教育委員として、次世代にとって住みやすい環境を残すために、単に賛成するだけでなく、実効性ある住環境改善策の提案を続ける責任を感じています。一市民としての声を大切にしたいです。
106,反対,新飛行ルートの騒音は、我々住民の生活に深刻な影響を与えています。特に、子どもたちの勉強や人々の活動に支障をきたす状況は看過できません。生活の質を守るため、もっと住民の声をしっかり反映すべきです。
107,反対,音が生活に浸透し、精神的ストレスを増すのが懸念。心地よい都市環境が損なわれることは許せない。
108,賛成,私たちが新ルートの運用で体験する騒音の影響は無視できません。しかし、羽田空港の国際的な機能向上が都市の発展につながることも理解できます。住宅防音のための政策強化などを検討する価値があり、住民としても協力できる部分を考えていきたいです。
109,反対,歴史的な視点からも、地域の変化は慎重に進めるべきであり、未来の世代にも影響を与える決定には、住民の声が最優先されるべきだ。
110,賛成,都会の活気を実感できる新ルートで、地域として成長できていると信じています。
111,賛成,部品の落下が2020年11月30日までに起こっていないことからも、安全性に対する信頼感が高まります。リスクマネジメントがしっかり行われていることを示すデータとして、この事実は安心材料となります。
112,賛成,投資や人の流入が増えることにより、新しいインフラや公共サービスが整備されることを期待しています。これにより、一人暮らしの高齢者にとっても安心できる環境が整い、地域としての魅力がさらに向上するでしょう。
113,反対,南風好天時の対策だけでは不十分で、より多くの環境に配慮した選択肢が必要だと思います。
114,賛成,飛行機の音が静かな夜に響くことがありますが、その一方で新たな飛行ルートは、地域の国際的なプレゼンスを高め、世界とのつながりを深める重要な要素です。この相互作用が、都市の未来をより豊かにします。
115,賛成,頭上を通過するたびに飛行機の音が気になるけど、その驚きに慣れることで、逆に都市生活の一部になるかも。日本の国際力が向上するなら、少しの不便さは許容範囲だと言い聞かせてるよ。
116,賛成,想像以上の効果をもたらすかもしれないこのプロジェクトには、期待とともにわくわくする思いがあります。この大胆な試みが成功する鍵は、きっと私たちの愛情と情熱にあると感じています。
117,反対,飛行ルート変更により、我々の信頼を裏切られた気がする。住民との対話が求められる。
118,賛成,大きな音に驚いたが、自分も若い頃は挑戦を恐れなかったからな。
119,賛成,環境への配慮もしつつ、新ルートの成功は未来の技術進化を示すものですね。
120,賛成,僕らが体験した騒音も重要なデータになり、改善に役立てば価値があると思う。
121,反対,環境への影響に懸念を感じる。持続可能な都市計画において自然との共生がもっと考慮されるべきだと思う。
122,反対,こんな状況で静かな生活が維持できるか、心底不安になります。
123,賛成,経済効果が大きいのは、日本全体の発展につながると考えています。
124,賛成,このルートで交通利便性が向上することを期待。
125,反対,成田空港の発着枠活用で、羽田のルート変更を再考すべきです。
126,賛成,新ルートによる騒音は確かにストレスですが、その一方でこれにより都市インフラが整い、災害時の輸送や緊急物資の迅速な移動が可能になるという利点も見逃せません。このような緊急時の利点は、どこまで許容すべきか悩ましいところです。
127,反対,このままでは環境問題の悪化が心配。国際競争力よりも地元の声をもっと聞いて。
128,賛成,騒音は確かに問題ですが、技術革新によって未来の快適な都市生活を先取りするチャンスだと感じます。
129,反対,会話の中断は、地域コミュニティの繋がりを阻害し、疎外感や社会的孤立を増幅させる恐れがあります。
130,賛成,「騒音は時に耳障りですが、その度に社会的貢献を思い返し、一種のシンフォニーと捉えることができます。私たちの生活と共存する新たな挑戦と考え、未来への投資と捉える視点を持ちたいです。」
131,反対,未来のことを考えると、手を叩くように一緒に声を上げて、みんなで頑張るしかないんだね。
132,賛成,「大空を駆け抜ける飛行機を見上げると、子供の頃の夢を見るようにウキウキします。地域の発展に貢献できるなんて、本当に誇らしいこと！」
133,賛成,羽田空港の機能強化は国際競争力の維持には必要でしょう。ただ、低空飛行の騒音は家族にとってストレスです。情報共有がもっと進むことを期待します。
134,賛成,新ルートでの体験が、新しい地域産業を育むかもしれない。
135,賛成,私のように、地域に住み慣れた者にとって飛行機の轟音は日常です。ただ、未来の子供たちが安心して過ごせる環境のためには、新ルートの運用を柔軟に見直せる体制を整えてほしいですね。
136,反対,飛行ルート変更の背景にある経済的利点のみではなく、住民の安心も考慮するべきだ。環境破壊は許されない。
137,賛成,住民支援のための助成金制度を増やして、静かな環境と空港の共存をもっと進めるべきだと思います。
138,反対,騒音を「未来への挑戦」と捉えつつも、住民に寄り添い、国と共に解決策を模索する努力が必要です。
139,賛成,空の利便性は大切ですが、騒音によるストレスも無視できない要素です。
140,賛成,飛行機の低空飛行で耳に残る騒音が気になるが、コミュニティの発展には目をつぶるしかないとも思っています。
141,反対,空港の上空飛行より、海上ルートの活用の方が遥かに現実的です！未来の世代に安全な環境を残すため、私たちはもっと声高に意見を述べ続ける必要があります。
142,反対,心の中では飛行機の便利さも理解していますが、難しいですね。
143,賛成,経済効果ってすごいよね。新ルートの開設で観光客がたくさん来て、地域の活性化にもつながる。アジアの他の都市とも楽に繋がるのがワクワクする！
144,反対,個人的には防音対策を理由に税金の使われ方が心配。透明なプロセスが必須だと思います。
145,賛成,新ルートにより、国際的な街としての地位が向上するはず。
146,反対,空港の機能強化は重要ですが、都市部の限界を超えない範囲で検討するべきです。過密化したルートが災害時にどのようなリスクをもたらすのか、徹底的なシミュレーションと対策が必須です。しかし、その議論がない現状では、都民の生命が軽視されています。
147,賛成,「少しうるさいけれど、地域の発展には必要な一歩かな。」
148,賛成,新飛行ルートは、地域が国際都市としての地位を保ち続けるためにも重要です。経済活動が活発化することで、未来の世代にも多くの恩恵を享受させられる選択であるという観点から、私は強く賛成しています。
149,賛成,個人的には、飛行機の音に慣れてしまえば、新しいルートの受け入れも自然になるのではないでしょうか。地域の困難な状況に立ち向かいつつも、新しい可能性を模索し続けるのが大切だと思っています。
150,賛成,国が騒音測定地点を増やしてくれれば、安心して過ごせるのに。
151,賛成,住民の不安も分かるが、現代生活の利便性を考慮すれば受け入れられる。
152,反対,羽田空港の便利さは大切だと思うけど、騒音で小さな弟がびっくりして泣くのを見たら、生活の質が下がっちゃう気がするよ。
153,反対,大がかりなインフラ変更が必要になった際、地域住民の意見を尊重しないのは不誠実だと思います。たとえ少数であっても、声を上げることで何らかの変化をもたらすことができるはずです。飛行時間の制限も一考の価値があります。
154,賛成,新たなルートの導入で、羽田空港がさらに国際的なハブとして成長することは、私たち自身がつながりを深める機会にもなるでしょう。騒音や安全への懸念はありますが、それも広い視野で見れば、個人的な感情を超えた社会的な意義を見出せると思います。
155,反対,この轟音、心まで震えるようで地域の心が乱されます。
156,反対,羽田空港の新飛行ルートは、多くの住民にとって騒音の大きな原因となっています。特に都心部を通過する際の騒音は68～74デシベルで、これは日常生活に影響を与えるレベルです。受験勉強中や家でのリラックスタイムに、このような騒音は気分を重くさせます。将来的に新ルートの影響が減ることを期待していますが、今はしぶしぶ反対の立場です。
157,反対,米軍ヘリの特権的な飛行ルートに対して不公平感を覚えます。住民も多くの制約を受ける中で、なぜ特定の機関だけが自由に飛行できるのか、納得できない部分があります。
158,反対,住環境の安心感が崩れるのは、ほんと参っちゃうよ。
159,賛成,静寂が失われる懸念はあるが、それ以上に地域の未来に期待します。
160,賛成,新しい技術導入は大切だが、過去の静かな生活も懐かしい。
161,賛成,生活への影響は少なからずあるけれど、航空機の音に心を落ち着け、昔を思い返すことができるのは少し嬉しくもあるわ。
162,賛成,新しいルートが商店街の賑わいを取り戻し、子どもたちの雇用機会を増やすことを期待している。騒音の対策次第で良い未来が訪れるはずだ。
163,賛成,騒音対策が進めば、安心して暮らせるようになるでしょうし、その向上された生活環境が、新たな地域の魅力として広がるはずです。
164,賛成,新ルートの影響で静けさが奪われるのは悲しいけど、便利さも享受したい気持ちがあるかな。
165,賛成,空に飛び立つ飛行機を見るとワクワク！ちょっとした轟音も旅立ちの音色かも。
166,反対,新ルートの導入が地域の未来を脅かすなら、アクションを起こしみんなで声を上げたいです。
167,反対,新宿の街の喧騒が消えるくらいの音、日常になったら耐えられないかも。
168,反対,子どもたちの未来を考えると、日常的な騒音が心に与える影響は無視できません。この問題を見過ごすわけにはいきません。
169,反対,個人的には、新ルートによる航空機の騒音が、自然保護の大切さを実感するきっかけになりました。環境問題の啓発として、この問題を活用するのも一つの方法だと思います。
170,反対,海上ルートの活用を求める住民の声が無視されている現状に疑問を感じます。広く意見を取り入れて政策に反映すべきです。
171,反対,飛行ルート変更で環境への影響も考慮されてない気がする。
172,賛成,低空飛行による轟音は避けられない現実ですが、それによって突然故郷を離れがたいと感じることなく、新しい都市の顔を受け入れることが地域の成熟を示す一歩となると信じています。変化を楽しむ気持ちが、次の世代にも必要でしょう。
173,賛成,友人たちと話し合っても、利益とリスクの狭間に心揺さぶられる。
174,賛成,夜空に飛行機の灯りがきらめく様子が、地域の未来への希望を感じさせてくれ、心が温かくなります。
175,賛成,耳をつんざくような音に驚いたけど、都会に住んでる以上、何かしらの音は避けられないよね。いつか慣れるんだろうって、自分に言い聞かせてる感じ。でも、ストレス対策は大事だね。
176,反対,今の状況、まるで部屋でエアショーを楽しんでいるようだね、と妻に言った。いや、お楽しみどころか、毎日の生活には静けさを含ませたい。エンジン音が子守唄になるほど慣れたくはないよ、こちらも騒音には限界があるんだ。
177,反対,飛行の安全性にも不安がある。都心上空を通ることで、万が一の事故が起きたら大変なことになる。
178,反対,正直、飛行機が頭上を通過する度に、「もっと静かだった頃」が懐かしく感じます。未来の地域を守るために、今行動を起こすことが必要不可欠です。ひとり一人の声が集まって変化を生むことを信じたいですね。
179,賛成,子どもたちには地域の発展を学ぶ良い機会になり、ポジティブに考えたいです。
180,反対,飛行機の騒音は、生活の質を下げると感じます。
181,反対,私の家の庭を飛行機が通過するたびに、一瞬不安がよぎる。この感情は私だけではない。もっと声を上げ、地域全体で取り組むべきだ。
182,反対,頭上を飛行機が飛ぶたびに、どうしても心がざわつくんだ。安心した生活が奪われてる気がするよ。こんな思いをさせないでほしいな。
183,反対,自分の孤独を大切にする者として、外部の大きな変化が内なる静寂を侵害することを許すわけにはいかない。
184,反対,朝の清掃活動中に、ふと空を見上げた時に感じた飛行機の音。その瞬間、私は子供たちに対し、静かで安心して遊べる環境を守る必要性を強く感じました。この思いが、私の環境保護活動の原動力です。
185,反対,騒音の影響が証明されていないと言うが、実際は微かにでも影響があるはず。
186,反対,山間の静かな生活と比べると、都会の騒音は心を乱し、平穏な暮らしを奪うように思えます。
187,反対,新ルートの導入は、家族が懸念を伝える機会を奪い、地域社会の心の絆を弱める危険性があります。
188,反対,友人たちと集まるたびにこの問題が話題になる。共通の不安が私たちの結束を強めているのは皮肉だ。
189,賛成,都市計画の観点から、空港の迅速なアクセスによるビジネス機会の創出は、未来の都市発展を見据えた第一歩です。都市と空港の新たな関係構築を推進すべきです。
190,賛成,コミュニティの連帯感が強まり、未来を共に築けます。
191,反対,「新しい技術でなんとか騒音を減らせないものかしら。希望を持って検討会に参加してみたい気もするけれど、現実は厳しいのね、と時折ため息が出ちゃうの。」
192,反対,「飛行機の音が響く中で、未来のために自然を守りたいという心のつぶやきが聞こえました。」
193,賛成,新飛行ルートの実施は国際競争力の向上につながる。経済効果をもたらし、地域の活性化も期待できる。
194,反対,神奈川県の測定計画はあるものの、その結果に基づく具体策が示されていないため、信頼性に欠けます。
195,賛成,国の成長も大切ですが、飛行高度の引き上げが住民の安全を高める施策になることを期待します。
196,反対,孫たちと遊んでいる時にこの騒音、心穏やかに過ごしたいのに、どうにかならないかしら。
197,反対,子供たちが遊ぶ公園での騒音は教育環境にも影響を与えかねないため、長期的な健康や学習への影響が懸念されます。
198,賛成,地域と発展の両立は難しいけど、みんなが笑顔でいられるよう工夫が必要かもしれませんね。
199,反対,例えば、飛行ルートの変更時間を夜間の少ない時間帯に調整するとか、もっと柔軟な対応ができたらいいのに。みんなが納得できる形で、もっとクリエイティブな解決策を見つけてほしいなぁ。
200,賛成,先日、低空飛行の音に小さな孫が驚いて泣いてしまいました。こうした現実を考えると、正直に言うと心は揺れます。ただし、地域の発展と生活の調和を目指すために、もう少し情報を集め、しぶしぶ賛成する立場を続けざるを得ないのが現実です。
201,賛成,新しい視点で考えると、飛行機が低く飛ぶ姿は、今まで見えなかった都会の別の一面を感じさせます。こんな光景も悪くないと、ちょっぴりワクワクしたりします。
202,反対,飛行ルート強化の背景に経済的利益があると疑う。地域の安全と環境を優先すべきだと考える。
203,反対,低く飛ぶ飛行機を見る度に、地域の未来を守るために自分が何をすべきか考えさせられるが、心が追いつかない。
204,賛成,現在の経済状況を考えると、空港の機能強化は避けられません。けれど、子供たちや未来の世代のために、もっと環境に配慮した技術開発が進むことを願っています。
205,反対,経済効果があると言うけれど、未来の子供たちがその代償を背負うのではないか。
206,反対,着陸時の降下角度の引き上げによる騒音軽減が検討されていますが、その効果が十分かどうか慎重に評価すべきです。
207,賛成,新しい挑戦ができる環境は大歓迎！騒音も、都市が成長し続けている証拠として受け止めています。
208,反対,落下物の危険性が高まり、地域の安全が脅かされる可能性がある。
209,反対,米軍ヘリの運用には制限がないのに、住民は騒音に適応を強いられるのは公平性に欠ける。
210,賛成,新ルートの導入で国際便の便数が増えることで、海外旅行の選択肢が広がるのは嬉しいことです。
211,賛成,頭上を飛行する機体の音が懸念であり、心情的に不安が残る。ただし、賢明な対策が示されることを期待する。
212,賛成,さいたま市上空のルート選定は、風況分析により安全性が確保されている。
213,賛成,散歩中に驚いたけれども、新ルートはきっと未来の都市づくりに貢献すると信じています。
214,反対,騒音軽減策があるといえども、実際の影響は長期間にわたるモニタリングが必要だ。
215,賛成,地域との連携が重要であり、新しいチャンスを活かすべきである。
216,賛成,もし静かで平穏な生活を求めるなら、都会暮らし自体が選択ミスだったかもしれません。しかし、都市の魅力や利便性を享受しながらも、環境への配慮が求められるのはやむを得ないことと受け入れています。
217,賛成,新ルートでの騒音は嫌だけど、都心の発展には必要なことかもね。
218,反対,「人間のつながりが薄れていく中で、地域の絆が音に邪魔されるなんて皮肉だわ。これ以上見過ごせないわね。」
219,賛成,私自身、騒音を避けて郊外に住んでおり、職場までのアクセスが改善されることを歓迎します。その結果、家族との時間が増えるかもしれません。
220,反対,テクノロジーの進化が進む中、現代の都市生活において、より静かで安全性を確保できる飛行技術の開発が可能だと信じています。スマートシティの一環として、革新的な解決策が求められています。それが実現するまで、現行ルートのサステナビリティは疑問です。
221,賛成,次世代のために、新しい挑戦を受け入れる覚悟も必要です。
222,賛成,日米交渉を経ての新ルート設定は、国際的な協力の証でもあると言えますが、地域住民への配慮がもっとあると嬉しいです。未来志向で変化を受け入れたいです。
223,反対,今の静かな生活が失われることは、個人的に非常に不安です。
224,反対,騒音が地域の静けさを損ね、日常生活に支障をきたしています。
225,反対,未来への不安が募る。計画の再考を望んでいる自分がいる。
226,反対,青空を眺め、心穏やかなひと時を過ごすのが好きだった私にとって、新飛行ルートの導入は突如として不安の種を撒き散らしました。この変化が私たちの心に与える影響を無視することはできません。静寂を取り戻すために、心の声に耳を傾けるべきです。
227,反対,子供たちとの静かな庭仕事の時間が、飛行機の音で途切れてしまうことがあります。私たちの家族の時間を守るためにも、以前のような海上ルートへの復帰を強く希望します。この音が家庭の平穏を乱すことは避けたいのです。
228,賛成,新ルートができたことで、航空便が増えて経済も活性化するのではと感じる。
229,賛成,地域住民の理解も大事です。説明会を通じて不安を少しずつ払拭していければいいかなと。
230,反対,この飛行ルートはまるで地域の未来への裏切りのようだよ。飛行機の音を聞くたびに、この街で過ごした平穏な日々が遠ざかっていく気がするね。
231,反対,委員会からの帰り道で感じた轟音、胸が締めつけられる思いです。未来を奪わないで。
232,反対,「日々の小さな音色たちが、心の歌を奏でてくれるんだもん。」
233,反対,時折の飛行音で自然との調和が失われた気がして、心がざわつく。
234,反対,「鳴り響く飛行音は、私たちの穏やかなコミュニティの心を揺さぶり、心にチクリと刺さりますね。」
235,反対,飛行機の轟音が地域の恒例行事のようになってしまうのかと思うと、ゾッとします。この変化にどう向き合うべきなのか、私たちも新たな考え方を求められているのかもしれません。
236,反対,私自身の体験からしても、この新飛行ルートは私の心の平穏を破壊します。自然に囲まれた静けさが好きでここに住んでいるのに、都会の喧騒が押し寄せてくるなど、耐えられません。反対の声を上げ続けます。
237,賛成,不動産価格に影響があるらしいけど、経済のダイナミズムの一部として受け入れるべき時もあるんじゃないかな。
238,反対,かつての静寂が消えゆく現状は悲しいものであり、心穏やかに過ごせる日々の回復を切に願います。
239,反対,大田区のような都市部での新飛行ルートの導入は、資産価値の下落を引き起こす可能性があり、長期的には地域経済にも悪影響を及ぼします。技術の恩恵を享受しつつ、持続可能性にも配慮した調整が求められます。
240,反対,公文書の透明性がないのは不安。何を隠してるのか気になるよ。
241,反対,飛行機の安全性への不安が地域の心を覆っています。騒音と安全問題には、より慎重な再検討が必要です。
242,反対,もし事故でも起こったら、取り返しがつかない。
243,賛成,減便を求めるのも一案だけど、全員の意見をまとめて柔軟に対応すべきと思うの。
244,賛成,苦情が出ているのは理解しますが、利便性と経済効果を考えれば将来的には大きな収穫があると思います。
245,反対,「地域の皆さんの多くがこの変化に対して不安を感じています。私も庭で花をいじっているときに騒音で驚くことが増えてしまいました。新ルートで得られる利便性と住環境のバランスを、もっと真剣に考える必要があるのではないでしょうか。」
246,反対,幼い頃の京浜島の空が懐かしく、今は切ない。
247,反対,飛行機の轟音が私たちの心の平和を乱していると感じます。自分だけでなく、この地域全体の心の健康が損なわれるような気がしてなりません。心を寄せ合う温かい地域の未来を守りたいものです。
248,賛成,環境への影響についての心配も理解しますが、最新の技術と規制をうまく活用すれば、地域への悪影響を最小限に抑えることができると信じています。持続可能な開発として位置づけたいです。
249,賛成,騒音も慣れるかもしれないけど、将来的には静音機が飛ぶようになると嬉しいわね。
250,反対,個人的な体験を踏まえれば、新ルート導入が地域の絆を弱めている気がします。共同体意識が希薄になり、住民同士の信頼関係も損なわれてしまう可能性があります。地域社会としての一体感を守るためにも、再考が必要です。
251,賛成,変化は新しいチャンスを生むものです。騒音も一つの風景として受け入れ、生活の一部として馴染ませたいと思います。
252,賛成,「観光客が増えて経済効果が期待できるのが嬉しい！」
253,賛成,新しい音も季節の風物詩、地域の活気を感じる。
254,賛成,孫たちとの時間に一時的な影響はありますが、見学会で飛行機に親しみを持てるチャンスが増える点も魅力的ですね。
255,反対,裁判所の判断には納得できません。私たちの声が無視された気がして悔しいです。もっと意見を反映してほしいです。
256,賛成,経済成長を重視する企業家として、この動きは日本全体の活力に繋がると考える。
257,賛成,新技術の導入で、地域の生活環境が少しでも良くなった実感がありますね。助かります。
258,賛成,科学者としては騒音対策が進むことを期待するしかないね、でも…。
259,反対,国土交通省の取り組みは評価するものの、現状では住民の不安が解消されているとは言い難いです。技術的な解決策が提示されても、それが実現されるまでの過程が明確に示されない限り、さらなる検討が必要と感じます。
260,賛成,あの轟音、ほんとに響くけど、人間って適応しちゃうものねぇ。
261,反対,騒音対策のニュースレターも来るけど、どうせいつも同じことばっかり書いてあるんだよね。この新時代、耳栓とセットで売ってくれたらいいのに。
262,反対,成田空港の発着枠をもっと活用すれば、こんな無理なルート変更をせずに済むはずだ。大切なことは住民の安心だろう。
263,反対,自宅でのリモートワーク中に日常生活が妨害されることは、都市部の住環境として許容できない。
264,反対,豊島区の陳情が不採択になったとはいえ、住民としての声をあげ続ける意義はあるんだろうか。
265,賛成,新飛行経路の運用で、訪日外国人の数が増えることは明らかです。この流れが街全体の活力を引き上げ、都市の発展を支える要因となるはずです。これにより、日本全体が活気に溢れ、自分の子供たちが成長する未来が明るくなると信じています。
266,賛成,静かな住宅街に住んでいると、飛行機の音は確かに気になることもありますが、それ以上に新ルート開設によって、地域の国際化が進むのは魅力的です。さまざまな文化や価値観が交錯する場になることで、私たちの生活にも新しい発見が増えるでしょう。
267,賛成,羽田空港の新ルート導入は、国際競争力の向上に大きく貢献すると思います。多くのビジネスチャンスが生まれ、都市としての魅力がさらに増すこの状況に、わくわく感が止まりません。しかし、住む人々の安全と快適さを考慮しなければならないのも事実。経済と生活、両者のバランスを探ることが求められます。
268,賛成,家族と静かに過ごす時間も大切ですが、地域に新しい文化や価値観が入るのは、長い目で見れば私たちの成長につながるかもしれないと感じています。
269,反対,新飛行経路は地域住民にとって安心できない部分があります。説明会などで具体的な安心策を示し、理解と納得を促すことが重要です。地域の声をしっかり反映してほしいです。
270,賛成,「あの轟音は、心の中に大きな湖を揺らすよう。でも、それが流氷の音楽の一部だとしたら、氷が解けるように、人も環境も歩み寄れる日が来るんだと信じたいわね。」
271,賛成,東京の国際競争力を高めるためには、新しい飛行ルートの導入は避けられないと思います。都心での騒音問題は確かに気になりますが、便利な都心での恩恵と天秤にかければ納得できる変化かなと。
272,反対,騒音測定局のデータには信頼性を感じますが、データだけでなく住民の体感を反映する仕組みも重要です。数字に表れない不安を考慮することが大切です。
273,反対,将来的には、他の地域でも同様の措置が取られる恐れがあり、安定した生活が脅かされる連鎖が生まれます。
274,反対,新ルートの騒音は孫との静かな時間に影響し、地域の暮らしが乱されるのは困りますね。穏やかさが大切です。
275,賛成,「騒音問題の解決には技術革新も必要ですが、まずは住民と共に考え、対応策を模索することが大切です。」
276,賛成,地域との共生を重視し、持続可能な改善策を探る必要があります。
277,反対,あの轟音で会話が途切れることが増えた。生活の質が下がってるし、みんなで声を上げなきゃ！
278,賛成,あの音に一瞬戸惑ったけど、新たな空の道が生まれるのはなんだかワクワクすることです。
279,反対,公園で遊ぶ子供たちの笑顔が、航空機の轟音によって消されてしまう瞬間を目の当たりにすると、心が痛みます。築かれてきた地域の平穏を守りたいという気持ちが、ますます強くなります。
280,賛成,革新はしばしば混乱を伴うが、最終的に社会に良い影響をもたらすことが多いと感じる。やむを得ず判断を下す中で、効果的な対策が採られると信じたい。
281,賛成,頭上を通過する轟音に込められたリスクを軽減するために、革新的な技術開発を推進することも考慮すべきだ。これが実現されれば賛成できる。
282,賛成,あの飛行音には、まだまだ慣れるのに時間が必要です。ただ、地域の発展を願う声を大切にし、自分たちの手でより良い環境を築いていくことが求められているのだと実感しています。地域と自然の調和を図りつつ、皆で成長を分かち合える日が来ることを願っています。
283,賛成,日常の景色に飛行機が加わることで、新しい発見ができるかもとワクワクしています。
284,反対,経済効果ばかりを優先して、私たちの安心を犠牲にするなんて、未来のために良くない！
285,賛成,騒音でストレスを感じつつも、羽田空港の発展が日本全体に良い影響を与えるならば、協力を考えます。
286,反対,家族や友人のためにも、少しでも安心が増えるような解決策が欲しいです。
287,賛成,国際線の増加により観光やビジネスの機会が広がり、地域経済の恩恵は計り知れない。地域住民の懸念も重要だが、事実に基づく政策がさらなる成長を導くと考える。
288,反対,環境アセスメントの結果を詳細に確認し、地域の健康被害を未然に防ぐための議論が必要です。
289,賛成,新ルートは経済効果が期待でき、地域活性化に繋がると考えます。
290,反対,娘や猫が怯える時もあり、心情的に新ルートには素直に賛同できない。
291,賛成,飛行機の轟音は確かに耳慣れないものかもしれませんが、振動が心に響くようでむしろ都市の活気のシンボルです。国際都市としての羽田の役割を考えると、この程度の変化はやむを得ないと感じます。新しいルートは未来を切り開く道です。
292,反対,経済発展も大切ですが、自然との調和をお願いします。
293,賛成,信頼できる科学的根拠が示されれば安心材料になる。
294,賛成,都心の利便性向上は、地域格差の是正にも寄与するため、新ルートの意義は大きいと考えます。
295,賛成,私たちの地域が国際的なネットワークの一部になるんだと思うとワクワクします。でも、それには犠牲もあります。上空を飛ぶ飛行機の音に慣れるのは簡単ではありませんが、共存する道を見つけられればと願います。具体的な解決策が見えてくるまでは、慎重に見守ります。
296,反対,地域社会の一員として、新飛行ルートに反対する署名運動に積極的に参加しています。どんなに忙しくても、家族や友人、そして自分たちの未来のために、可能な限りの行動を取ることが大切だと感じています。
297,反対,小さな声でも、この問題についてしっかり発信したいです。
298,賛成,渋谷の空を飛ぶ飛行機、ちょっと怖いけれど、街の未来を考える大事な一歩かな。
299,反対,「私たちは静かな生活を望んでいる。だから、都市部での飛行ルートに関連する政策は、騒音のない未来を目指すべきだと思う。」